{"cameraMode":{"drawMode":0,"name":"Shaded","section":"Shading Mode"},"sceneLighting":true,"audioPlay":false,"sceneViewState":{"showFog":true,"showMaterialUpdate":false,"showSkybox":true,"showFlares":true,"showImageEffects":true,"showParticleSystems":true},"in2DMode":false,"pivot":{"x":958.93505859375,"y":310.08685302734377,"z":102.0},"rotation":{"x":0.01799868978559971,"y":-0.00599882984533906,"z":0.00010796859714901075,"w":0.9998199939727783},"size":1072.6910400390625,"orthographic":true}