{"cameraMode":{"drawMode":0,"name":"Shaded","section":"Shading Mode"},"sceneLighting":true,"audioPlay":false,"sceneViewState":{"showFog":true,"showMaterialUpdate":false,"showSkybox":true,"showFlares":true,"showImageEffects":true,"showParticleSystems":true},"in2DMode":false,"pivot":{"x":1108.8974609375,"y":193.75238037109376,"z":-379.1976318359375},"rotation":{"x":0.000001551702780488995,"y":-0.0014998747501522303,"z":2.5914754786526829e-8,"w":0.9999988675117493},"size":1059.56640625,"orthographic":false}